email,phone,phone_formatted,name,zip,city,country,street
,(940) 383-2825,+1(940) 383-2825,R&M Plumbing,76227,Cross Roads,US,401 Keyes Ln
spectrum@spectrumfullservice.com,(940) 394-8958,+1(940) 394-8958,Spectrum Heat and Air,76227,Aubrey,US,14551 Industrial Park
info@legacyplumbing.net,(972) 987-0753,+1(972) 987-0753,Legacy Plumbing,75068,Little Elm,US,1101 E Eldorado Pkwy
,(940) 536-5730,+1(940) 536-5730,Casanova Plumbing,76227,Cross Roads,US,9021 Stewart St
,(940) 440-1100,+1(940) 440-1100,Capital Plumbing and Mechanical,76258,Pilot Point,US,600 US-377
info@goproplumbingtx.com,(469) 845-0305,+1(469) 845-0305,Go Pro Plumbing,75068,Little Elm,US,708 Silver Moon Dr
archangelplumbing@yahoo.com,(972) 480-2386,+1(972) 480-2386,ArchAngel Plumbing LLC,76227,Cross Roads,US,8912 Sagebrush Trail
ken@brownandsons.com,(940) 315-6908,+1(940) 315-6908,Brown and Sons Plumbing,76209,Denton,US,921 Bayfield Dr
,(940) 354-2473,+1(940) 354-2473,Strittmatter Air Conditioning Heating & Plumbing,76201,Denton,US,121 W Hickory St Ste 124
kris@theprosperplumber.com,(469) 408-0308,+1(469) 408-0308,The Prosper Plumber,75078,Prosper,US,16032 Crosslake Ct
misty@advancedplumbingdfw.com,(972) 499-4276,+1(972) 499-4276,Advanced Plumbing Services,76209,Denton,US,2509 Hillview Ct
service@porpoiseplumbing.com,(972) 430-6006,+1(972) 430-6006,Porpoise Plumbing LLC.,75033,Frisco,US,9355 John W. Elliott Dr #25459
info@scoutplumbing.com,(972) 395-0308,+1(972) 395-0308,Scout Plumbing,75065,Lake Dallas,US,108 Adolphus Ave
,(940) 202-0103,+1(940) 202-0103,JOPAT General Contracting,76227,Aubrey,US,1416 Barrier Island Dr
austin@ctxpc.com,(972) 900-9959,+1(972) 900-9959,CTX Plumbing & Electrical Company,75009,Celina,US,4211 S Preston Rd Suite 102
mail@betterplumber.com,(940) 382-1780,+1(940) 382-1780,A & M Plumbing,76201,Denton,US,710 S Elm St
howdy@shepherddog.co,(972) 689-0578,+1(972) 689-0578,Imperial Plumbing,76205,Denton,US,2124 James St #120
,(972) 886-5855,+1(972) 886-5855,Legacy Plumbing,75034,Frisco,US,8765 Stockard Dr STE 104
lexsplumbing@gmail.com,(469) 336-3919,+1(469) 336-3919,Lexs Plumbing,75036,Frisco,US,7577 Lake Trail
connielarrys@aol.com,(940) 382-7464,+1(940) 382-7464,Sawyer Plumbing Services,76205,Denton,US,301 Dallas Dr # 113
hello@stillwatersdfw.com,(972) 347-4208,+1(972) 347-4208,Still Waters Plumbing,75078,Prosper,US,600 N Hays Rd Suite 106
sharon@forcehomeservices.com,(940) 535-7494,+1(940) 535-7494,Force Home Services Plumbing AC & Heating,76201,Denton,US,2804 N Elm St
info@garrisonplumbingservices.com,(972) 987-4255,+1(972) 987-4255,Garrison Plumbing Services,75036,Frisco,US,7576 Lake Trail
crplumbingdfw@gmail.com,(940) 355-0110,+1(940) 355-0110,CR Plumbing Air & Electric,76226,Argyle,US,2231 Berniece Jones Rd #103
contact@neuplumbing.com,(940) 580-2200,+1(940) 580-2200,Neu Plumbing,76258,Pilot Point,US,1117 Foundation Dr
contactus@gps-plumbing.com,(214) 542-1276,+1(214) 542-1276,John Hulse Plumbing,75036,Frisco,US,8757 Shore Crest Rd
scheduling@gopaschal.com,(940) 240-1193,+1(940) 240-1193,Paschal Air Plumbing & Electric,75022,Flower Mound,US,2201 Spinks Rd Ste. 109
contactus@gps-plumbing.com,(469) 777-0217,+1(469) 777-0217,GPS Plumbing,75034,Frisco,US,3064 Kentshire Ln
rachell@callearls.com,(469) 960-4849,+1(469) 960-4849,Earls Plumbing - West Frisco,75033,Frisco,US,2770 Main St Suite #263
,(469) 514-5707,+1(469) 514-5707,CPR Plumbing Services,75056,The Colony,US,7204 Bradford Pl
info@absoluteplumbingonline.com,(972) 685-1863,+1(972) 685-1863,Absolute Plumbing,75028,Flower Mound,US,2803 Justin Rd
,(469) 421-6026,+1(469) 421-6026,bluefrog Plumbing and Drain of North Dallas,75036,Frisco,US,122 Rose Ln Ste. K1
robert@primaryplumbing.us,(214) 714-1041,+1(214) 714-1041,RHD Primary Plumbing LLC,75067,Lewisville,US,1501 Glencairn Ln
rick@smithandsonplumbing.com,(214) 430-7747,+1(214) 430-7747,Smith and Son Plumbing,75070,McKinney,US,6401 Eldorado Pkwy
lewisvilleplumbing@outlook.com,(972) 317-5619,+1(972) 317-5619,Lewisville Plumbing Service,75077,Lewisville,US,1400 Moccassin Trail
service@haltexplumbing.com,(940) 999-7742,+1(940) 999-7742,Haltex Plumbing,76205,Denton,US,2301 Colorado Blvd
dispatch@eps-ss.com,(817) 329-0223,+1(817) 329-0223,Emergency Plumbing Service,75067,Lewisville,US,405 State Hwy 121 BYP d 100
csmith@bcimechanical.com,(940) 565-1010,+1(940) 565-1010,BCI Plumbing Heating and AC Repair,76201,Denton,US,400 E Oak St
jeff@ltcprobuilders.com,(940) 365-3505,+1(940) 365-3505,LTC Pro Builders,76227,Aubrey,US,5246 US-377 #7C
info@obryanplumbingservices.com,(972) 708-4593,+1(972) 708-4593,O'Bryan Plumbing Services,75002,Allen,US,104 N Cedar Dr
info@bewleyplumbing.com,(469) 461-4098,+1(469) 461-4098,Bewley Plumbing LLC,75069,McKinney,US,606 E Standifer St
contact@augerpros.com,(214) 206-6580,+1(214) 206-6580,Augerpros Plumbing and Drain,75013,Allen,US,206 W McDermott Dr #120
contact@candg-inc.com,(940) 391-6937,+1(940) 391-6937,Lee Redfearn Plumbing,76233,Collinsville,US,944 Snow Rd
service@watermarkplumbing.com,(469) 688-3724,+1(469) 688-3724,Watermark Plumbing,75010,Hebron,US,2425 W Parker Rd building 4b
admin@dr-plumbing.com,(972) 829-5137,+1(972) 829-5137,D R Plumbing,75028,Flower Mound,US,3535 Firewheel Dr
service@leakgeeks.com,(817) 431-8929,+1(817) 431-8929,Leak Geeks Plumbing,76244,Fort Worth,US,4708 Keller Hicks Rd
johnk@placementseo.com,(940) 365-2161,+1(940) 365-2161,Steve's Plumbing,76227,Aubrey,US,2543 W Blackjack Rd
,(940) 365-9570,+1(940) 365-9570,Commercial Plumbing Specialists,76227,Aubrey,US,5017 US Highway 377 S
james@anumber1air.com,(972) 391-7449,+1(972) 391-7449,A#1 Air,75057,Lewisville,US,601 E Corporate Dr
trent@brotherplumber.com,(469) 968-4487,+1(469) 968-4487,Brother Plumber,75459,Howe,US,708 Maple St
info@goairservices.com,(972) 375-9260,+1(972) 375-9260,GO Heating Air & Plumbing,75074,Plano,US,2901 Technology Dr
servicetoday@xtremeairservices.com,(214) 329-9229,+1(214) 329-9229,Xtreme Air Services,75182,Sunnyvale,US,308 US 80 Frontage Rd
jeff@billygo.com,(817) 221-0928,+1(817) 221-0928,BillyGO,76244,Fort Worth,US,10353 Alta Vista Rd
service@slateplumbing.com,(469) 405-6126,+1(469) 405-6126,Slate Plumbing,75226,Dallas,US,729 3rd Ave
owner@mcbrideandsonsplumbing.com,(817) 901-3328,+1(817) 901-3328,McBride & Sons Plumbing,76247,Justin,US,
sergeantplumbercorp@gmail.com,(972) 595-4431,+1(972) 595-4431,Sergeant Plumber,76227,Aubrey,US,11312 Culberson Dr
,(940) 365-0025,+1(940) 365-0025,True Integrity Plumbing,76227,Aubrey,US,2360 Brewer Rd
dadandsonsplumbingllc@gmail.com,(940) 380-1100,+1(940) 380-1100,Dad And Sons Plumbing,76201,Denton,US,525 Ft Worth Dr
ekingd@verizon.net,(940) 206-1039,+1(940) 206-1039,Knee Deep Plumbing,76201,Denton,US,733 Fort Worth Dr 103
service@militaryplumbing.com,(972) 645-6338,+1(972) 645-6338,Military Plumbing,75135,Caddo Mills,US,4833 W Interstate 30
,(972) 547-3950,+1(972) 547-3950,Ernie's Plumbing Service,75069,McKinney,US,1809 W Pioneer Pkwy
matt@triplecrownplumbing.com,(972) 544-6544,+1(972) 544-6544,Triple Crown Plumbing,75040,Garland,US,675 Town Square Blvd
,(817) 305-7141,+1(817) 305-7141,Schrader Plumbing LLC,76180,North Richland Hills,US,5520 Davis Blvd
